{"5": {"nrmse": 0.35347999999999996, "col_1_error_rate": 0.42996, "col_4_error_rate": 0.08481999999999999, "col_5_error_rate": 0.6351, "total_error_rate": 0.39039999999999997, "clf_aucroc": 36946664.53924}, "10": {"nrmse": 0.35400000000000004, "col_1_error_rate": 0.43613999999999997, "col_4_error_rate": 0.07372, "col_5_error_rate": 0.67282, "total_error_rate": 0.39796, "clf_aucroc": 37225502.12008}, "15": {"nrmse": 0.4368600000000001, "col_1_error_rate": 0.4699, "col_4_error_rate": 0.12092, "col_5_error_rate": 0.7001000000000001, "total_error_rate": 0.43472, "clf_aucroc": 37150114.24422}, "20": {"nrmse": 0.49470000000000003, "col_1_error_rate": 0.47772, "col_4_error_rate": 0.1274, "col_5_error_rate": 0.6864199999999999, "total_error_rate": 0.4294199999999999, "clf_aucroc": 37986557.57016}, "config": {"model": "DSAN", "rep_dim": 32, "num_heads": 16, "n_hidden": 2, "lr": 0.003, "weight_decay": 1e-05, "batch_size": 32, "epochs": 34, "noise_percent": 15, "stopped_epoch": 15}, "dataset": "insurance"}